﻿<parameters>
  <parameter name="IIS Web Application Name" defaultValue="asdrdemo" tags="IisApp">
    <parameterEntry kind="ProviderPath" scope="IisApp" match="^C:\\Users\\VikramReddy\\Documents\\Visual\ Studio\ 2015\\Projects\\AzureSqlDisasterRecoveryDemo\\AzureSqlDisasterRecoveryDemo\\obj\\Release\\Package\\PackageTmp$" />
    <parameterEntry kind="ProviderPath" scope="setAcl" match="^C:\\Users\\VikramReddy\\Documents\\Visual\ Studio\ 2015\\Projects\\AzureSqlDisasterRecoveryDemo\\AzureSqlDisasterRecoveryDemo\\obj\\Release\\Package\\PackageTmp$" />
  </parameter>
  <parameter name="AdventureworksDW2016CTP3Entities-Web.config Connection String" defaultValue="metadata=res://*/Model.csdl|res://*/Model.ssdl|res://*/Model.msl;provider=System.Data.SqlClient;provider connection string=&quot;data source=tcp:sql-geo-1.database.windows.net,1433;initial catalog=AdventureworksDW2016CTP3;user id=georeplicaadmin;password=Georeplica@Adm1n;MultipleActiveResultSets=True;App=EntityFramework&quot;">
    <parameterEntry kind="XmlFile" scope="C:\\Users\\VikramReddy\\Documents\\Visual\ Studio\ 2015\\Projects\\AzureSqlDisasterRecoveryDemo\\AzureSqlDisasterRecoveryDemo\\obj\\Release\\Package\\PackageTmp\\Web\.config$" match="/configuration/connectionStrings/add[@name='AdventureworksDW2016CTP3Entities']/@connectionString" />
  </parameter>
  <parameter name="AdventureworksDW2016CTP3EntitiesPrimary-Web.config Connection String" defaultValue="metadata=res://*/Model.csdl|res://*/Model.ssdl|res://*/Model.msl;provider=System.Data.SqlClient;provider connection string=&quot;data source=tcp:sql-geo-1.database.windows.net,1433;initial catalog=AdventureworksDW2016CTP3;user id=georeplicaadmin;password=Georeplica@Adm1n;MultipleActiveResultSets=True;App=EntityFramework&quot;">
    <parameterEntry kind="XmlFile" scope="C:\\Users\\VikramReddy\\Documents\\Visual\ Studio\ 2015\\Projects\\AzureSqlDisasterRecoveryDemo\\AzureSqlDisasterRecoveryDemo\\obj\\Release\\Package\\PackageTmp\\Web\.config$" match="/configuration/connectionStrings/add[@name='AdventureworksDW2016CTP3EntitiesPrimary']/@connectionString" />
  </parameter>
  <parameter name="AdventureworksDW2016CTP3EntitiesSecondary-Web.config Connection String" defaultValue="metadata=res://*/Model.csdl|res://*/Model.ssdl|res://*/Model.msl;provider=System.Data.SqlClient;provider connection string=&quot;data source=tcp:sql-geo-2.database.windows.net,1433;initial catalog=AdventureworksDW2016CTP3;user id=georeplicaadmin;password=Georeplica@Adm1n;MultipleActiveResultSets=True;App=EntityFramework&quot;">
    <parameterEntry kind="XmlFile" scope="C:\\Users\\VikramReddy\\Documents\\Visual\ Studio\ 2015\\Projects\\AzureSqlDisasterRecoveryDemo\\AzureSqlDisasterRecoveryDemo\\obj\\Release\\Package\\PackageTmp\\Web\.config$" match="/configuration/connectionStrings/add[@name='AdventureworksDW2016CTP3EntitiesSecondary']/@connectionString" />
  </parameter>
  <parameter name="DefaultConnection-Web.config Connection String" defaultValue="DefaultConnection_ConnectionString">
    <parameterEntry kind="XmlFile" scope="C:\\Users\\VikramReddy\\Documents\\Visual\ Studio\ 2015\\Projects\\AzureSqlDisasterRecoveryDemo\\AzureSqlDisasterRecoveryDemo\\obj\\Release\\Package\\PackageTmp\\Web\.config$" match="/configuration/connectionStrings/add[@name='DefaultConnection']/@connectionString" />
  </parameter>
  <parameter name="SQLAlwaysOnConnection-Web.config Connection String" defaultValue="Server=tcp:sql-geo-1.database.windows.net,1433;Initial Catalog=AdventureworksDW2016CTP3;Persist Security Info=False;User ID=georeplicaadmin;Password=Georeplica@Adm1n;MultipleActiveResultSets=False;Encrypt=True;TrustServerCertificate=False;Connection Timeout=30;ApplicationIntent=ReadOnly;">
    <parameterEntry kind="XmlFile" scope="C:\\Users\\VikramReddy\\Documents\\Visual\ Studio\ 2015\\Projects\\AzureSqlDisasterRecoveryDemo\\AzureSqlDisasterRecoveryDemo\\obj\\Release\\Package\\PackageTmp\\Web\.config$" match="/configuration/connectionStrings/add[@name='SQLAlwaysOnConnection']/@connectionString" />
  </parameter>
  <parameter name="StretchDBAzureConnection-Web.config Connection String" defaultValue="Server=tcp:stretchserver-stretchdbdemo-adventurewor-20170227-083204933.database.windows.net,1433;Initial Catalog=RDAAdventureWorks2016CTP314CA6893-F1AD-4239-86A3-5676E6573307;Persist Security Info=False;User ID=StretchDB;Password=Stretch@DB;MultipleActiveResultSets=False;Encrypt=True;TrustServerCertificate=False;Connection Timeout=30;">
    <parameterEntry kind="XmlFile" scope="C:\\Users\\VikramReddy\\Documents\\Visual\ Studio\ 2015\\Projects\\AzureSqlDisasterRecoveryDemo\\AzureSqlDisasterRecoveryDemo\\obj\\Release\\Package\\PackageTmp\\Web\.config$" match="/configuration/connectionStrings/add[@name='StretchDBAzureConnection']/@connectionString" />
  </parameter>
  <parameter name="StretchDBOnPremiseConnection-Web.config Connection String" defaultValue="data source=40.71.90.173;initial catalog=AdventureWorks2016CTP3;User ID=StretchDBAdmin;Password=StretchDB@123$;MultipleActiveResultSets=True;App=EntityFramework;">
    <parameterEntry kind="XmlFile" scope="C:\\Users\\VikramReddy\\Documents\\Visual\ Studio\ 2015\\Projects\\AzureSqlDisasterRecoveryDemo\\AzureSqlDisasterRecoveryDemo\\obj\\Release\\Package\\PackageTmp\\Web\.config$" match="/configuration/connectionStrings/add[@name='StretchDBOnPremiseConnection']/@connectionString" />
  </parameter>
</parameters>